mult,pivot,sharpe,chair_sharpe,chair_max_drawdown,total_return,max_drawdown,default
2.0,3,0.615415424364473,1.0524118541001461,-0.4272377215808446,2.2318201238346758,-0.6419102739669893,False
2.0,5,0.48135874762241637,0.9888001393219064,-0.4251696895166064,1.1427829863670649,-0.6954922117941378,False
2.0,10,0.8763116191998699,1.0907157743323193,-0.41056217470634637,5.768661575371836,-0.4957810242584789,False
3.0,3,0.5530215495975856,1.1038124954206432,-0.43471924649068383,1.6969366881312125,-0.6348648554727272,False
3.0,5,0.5764446908993968,1.0478500884689594,-0.43267822743687967,1.9046695523289188,-0.5811505569652802,True
3.0,10,0.9839745949291618,1.1361528540129686,-0.37563982671928675,8.754914913959203,-0.5284320352520125,False
4.0,3,0.44874845334736096,1.0956880408711243,-0.43267822743687945,0.9300764363776841,-0.748013314857388,False
4.0,5,0.4068800150743928,1.0479738102028118,-0.43267822743687967,0.6888365726954264,-0.7301769166583381,False
4.0,10,0.8955898826858042,1.1237403805898958,-0.37563982671928675,6.598907337236744,-0.6153792613878093,False
